,GDP,Gross primary education enrollment (%),Gross tertiary education enrollment (%),Infant mortality,Largest city,Life expectancy,Maternal mortality ratio,Minimum wage,Official language,Out of pocket health expenditure,Physicians per thousand,Population,Population: Labor force participation (%),Tax revenue (%),Total tax rate,Unemployment rate,Urban_population,country,coordinates
0,"$19,101,353,833 ",104.00%,9.70%,47.9,Kabul,64.5,638.0,$0.43 ,Pashto,78.40%,0.28,"38,041,754",48.90%,9.30%,71.40%,11.12%,"9,797,273",Afghanistan,"('33.93911 ', '67.709953')"
1,"$15,278,077,447 ",107.00%,55.00%,7.8,Tirana,78.5,15.0,$1.12 ,Albanian,56.90%,1.2,"2,854,191",55.70%,18.60%,36.60%,12.33%,"1,747,593",Albania,"('41.153332 ', '20.168331')"
2,"$169,988,236,398 ",109.90%,51.40%,20.1,Algiers,76.7,112.0,$0.95 ,Arabic,28.10%,1.72,"43,053,054",41.20%,37.20%,66.10%,11.70%,"31,510,100",Algeria,"('28.033886 ', '1.659626')"
3,"$3,154,057,987 ",106.40%,,2.7,Andorra la Vella,,,$6.63 ,Catalan,36.40%,3.33,"77,142",,,,,"67,873",Andorra,"('42.506285 ', '1.521801')"
4,"$94,635,415,870 ",113.50%,9.30%,51.6,Luanda,60.8,241.0,$0.71 ,Portuguese,33.40%,0.21,"31,825,295",77.50%,9.20%,49.10%,6.89%,"21,061,025",Angola,"('-11.202692 ', '17.873887')"
5,"$1,727,759,259 ",105.00%,24.80%,5.0,"St. John's, Saint John",76.9,42.0,$3.04 ,English,24.30%,2.76,"97,118",,16.50%,43.00%,,"23,800",Antigua and Barbuda,"('17.060816 ', '-61.796428')"
6,"$449,663,446,954 ",109.70%,90.00%,8.8,Buenos Aires,76.5,39.0,$3.35 ,Spanish,17.60%,3.96,"44,938,712",61.30%,10.10%,106.30%,9.79%,"41,339,571",Argentina,"('-38.416097 ', '-63.616672')"
7,"$13,672,802,158 ",92.70%,54.60%,11.0,Yerevan,74.9,26.0,$0.66 ,Armenian,81.60%,4.4,"2,957,731",55.60%,20.90%,22.60%,16.99%,"1,869,848",Armenia,"('40.069099 ', '45.038189')"
8,"$1,392,680,589,329 ",100.30%,113.10%,3.1,Sydney,82.7,6.0,$13.59 ,,19.60%,3.68,"25,766,605",65.50%,23.00%,47.40%,5.27%,"21,844,756",Australia,"('-25.274398 ', '133.775136')"
9,"$446,314,739,528 ",103.10%,85.10%,2.9,Vienna,81.6,5.0,,German,17.90%,5.17,"8,877,067",60.70%,25.40%,51.40%,4.67%,"5,194,416",Austria,"('47.516231 ', '14.550072')"
10,"$39,207,000,000 ",99.70%,27.70%,19.2,Baku,72.9,26.0,$0.47 ,Azerbaijani language,78.60%,3.45,"10,023,318",66.50%,13.00%,40.70%,5.51%,"5,616,165",Azerbaijan,"('40.143105 ', '47.576927')"
11,"$12,827,000,000 ",81.40%,15.10%,8.3,"Nassau, Bahamas",73.8,70.0,$5.25 ,English,27.80%,1.94,"389,482",74.60%,14.80%,33.80%,10.36%,"323,784",The Bahamas,"('25.03428 ', '-77.39628')"
12,"$38,574,069,149 ",99.40%,50.50%,6.1,Riffa,77.2,14.0,,Arabic,25.10%,0.93,"1,501,635",73.40%,4.20%,13.80%,0.71%,"1,467,109",Bahrain,"('26.0667 ', '50.5577')"
13,"$302,571,254,131 ",116.50%,20.60%,25.1,Dhaka,72.3,173.0,$0.51 ,Bengali,71.80%,0.58,"167,310,838",59.00%,8.80%,33.40%,4.19%,"60,987,417",Bangladesh,"('23.684994 ', '90.356331')"
14,"$5,209,000,000 ",99.40%,65.40%,11.3,Bridgetown,79.1,27.0,$3.13 ,English,45.20%,2.48,"287,025",65.20%,27.50%,35.60%,10.33%,"89,431",Barbados,"('13.193887 ', '-59.543198')"
15,"$63,080,457,023 ",100.50%,87.40%,2.6,Minsk,74.2,2.0,$1.49 ,Russian,34.50%,5.19,"9,466,856",64.10%,14.70%,53.30%,4.59%,"7,482,982",Belarus,"('53.709807 ', '27.953389')"
16,"$529,606,710,418 ",103.90%,79.70%,2.9,Brussels,81.6,5.0,$10.31 ,French,17.60%,3.07,"11,484,055",53.60%,24.00%,55.40%,5.59%,"11,259,082",Belgium,"('50.503887 ', '4.469936')"
17,"$1,879,613,600 ",111.70%,24.70%,11.2,Belize City,74.5,36.0,$1.65 ,English,22.70%,1.12,"390,353",65.10%,26.30%,31.10%,6.41%,"179,039",Belize,"('17.189877 ', '-88.49765')"
18,"$14,390,709,095 ",122.00%,12.30%,60.5,Cotonou,61.5,397.0,$0.39 ,French,40.50%,0.08,"11,801,151",70.90%,10.80%,48.90%,2.23%,"5,648,149",Benin,"('9.30769 ', '2.315834')"
19,"$2,446,674,101 ",100.10%,15.60%,24.8,Thimphu,71.5,183.0,$0.32 ,Dzongkha,19.80%,0.42,"727,145",66.70%,16.00%,35.30%,2.34%,"317,538",Bhutan,"('27.514162 ', '90.433601')"
20,"$40,895,322,865 ",98.20%,,21.8,Santa Cruz de la Sierra,71.2,155.0,$1.36 ,Spanish,25.90%,1.59,"11,513,100",71.80%,17.00%,83.70%,3.50%,"8,033,035",Bolivia,"('-16.290154 ', '-63.588653')"
21,"$20,047,848,435 ",,23.30%,5.0,Tuzla Canton,77.3,10.0,$1.04 ,Bosnian,28.60%,2.16,"3,301,000",46.40%,20.40%,23.70%,18.42%,"1,605,144",Bosnia and Herzegovina,"('43.915886 ', '17.679076')"
22,"$18,340,510,789 ",103.20%,24.90%,30.0,Gaborone,69.3,144.0,$0.29 ,English,5.30%,0.37,"2,346,179",70.80%,19.50%,25.10%,18.19%,"1,616,550",Botswana,"('-22.328474 ', '24.684866')"
23,"$1,839,758,040,766 ",115.40%,51.30%,12.8,S����,75.7,60.0,$1.53 ,Portuguese,28.30%,2.15,"212,559,417",63.90%,14.20%,65.10%,12.08%,"183,241,641",Brazil,"('-14.235004 ', '-51.92528')"
24,"$13,469,422,941 ",103.20%,31.40%,9.8,,75.7,31.0,,Malay,6.00%,1.61,"433,285",64.70%,,8.00%,9.12%,"337,711",Brunei,"('4.535277 ', '114.727669')"
25,"$86,000,000,000 ",89.30%,71.00%,5.9,Sofia,74.9,10.0,$1.57 ,Bulgarian,47.70%,4.03,"6,975,761",55.40%,20.20%,28.30%,4.34%,"5,256,027",Bulgaria,"('42.733883 ', '25.48583')"
26,"$15,745,810,235 ",96.10%,6.50%,49.0,Ouagadougou,61.2,320.0,$0.34 ,French,36.10%,0.08,"20,321,378",66.40%,15.00%,41.30%,6.26%,"6,092,349",Burkina Faso,"('12.238333 ', '-1.561593')"
27,"$3,012,334,882 ",121.40%,6.10%,41.0,Bujumbura,61.2,548.0,,Kirundi,19.10%,0.1,"11,530,580",79.20%,13.60%,41.20%,1.43%,"1,541,177",Burundi,"('-3.373056 ', '29.918886')"
28,"$58,792,205,642 ",99.80%,9.30%,59.4,Abidjan,57.4,617.0,$0.36 ,French,36.00%,0.23,"25,716,544",57.00%,11.80%,50.10%,3.32%,"13,176,900",Ivory Coast,"('7.539989 ', '-5.54708')"
29,"$1,981,845,741 ",104.00%,23.60%,16.7,Praia,72.8,58.0,$0.68 ,Portuguese,23.20%,0.77,"483,628",60.50%,20.10%,37.50%,12.25%,"364,029",Cape Verde,"('16.5388 ', '-23.0418')"
30,"$27,089,389,787 ",107.40%,13.70%,24.0,Phnom Penh,69.6,160.0,,Khmer language,59.40%,0.17,"16,486,542",82.30%,17.10%,23.10%,0.68%,"3,924,621",Cambodia,"('12.565679 ', '104.990963')"
31,"$38,760,467,033 ",103.40%,12.80%,50.6,Douala,58.9,529.0,$0.35 ,French,69.70%,0.09,"25,876,380",76.10%,12.80%,57.70%,3.38%,"14,741,256",Cameroon,"('7.369722 ', '12.354722')"
32,"$1,736,425,629,520 ",100.90%,68.90%,4.3,Toronto,81.9,10.0,$9.51 ,French,14.60%,2.61,"36,991,981",65.10%,12.80%,24.50%,5.56%,"30,628,482",Canada,"('56.130366 ', '-106.346771')"
33,"$2,220,307,369 ",102.00%,3.00%,84.5,Bangui,52.8,829.0,$0.37 ,French,39.60%,0.06,"4,745,185",72.00%,8.60%,73.30%,3.68%,"1,982,064",Central African Republic,"('6.611111 ', '20.939444')"
34,"$11,314,951,343 ",86.80%,3.30%,71.4,N'Djamena,54.0,1140.0,$0.60 ,French,56.40%,0.04,"15,946,876",70.70%,,63.50%,1.89%,"3,712,273",Chad,"('15.454166 ', '18.732207')"
35,"$282,318,159,745 ",101.40%,88.50%,6.2,Santiago,80.0,13.0,$2.00 ,Spanish,32.20%,2.59,"18,952,038",62.60%,18.20%,34.00%,7.09%,"16,610,135",Chile,"('-35.675147 ', '-71.542969')"
36,"$19,910,000,000,000 ",100.20%,50.60%,7.4,Shanghai,77.0,29.0,$0.87 ,Standard Chinese,32.40%,1.98,"1,397,715,000",68.00%,9.40%,59.20%,4.32%,"842,933,962",China,"('35.86166 ', '104.195397')"
37,"$323,802,808,108 ",114.50%,55.30%,12.2,Bogot�,77.1,83.0,$1.23 ,Spanish,18.30%,2.18,"50,339,443",68.80%,14.40%,71.20%,9.71%,"40,827,302",Colombia,"('4.570868 ', '-74.297333')"
38,"$1,185,728,677 ",99.50%,9.00%,51.3,"Moroni, Comoros",64.1,273.0,$0.71 ,French,74.80%,0.27,"850,886",43.30%,,219.60%,4.34%,"248,152",Comoros,"('-11.6455 ', '43.3333')"
39,"$10,820,591,131 ",106.60%,12.70%,36.2,Brazzaville,64.3,378.0,$0.88 ,French,43.80%,0.12,"5,380,508",69.40%,9.00%,54.30%,9.47%,"3,625,010",Republic of the Congo,"('-0.228021 ', '15.827659')"
40,"$61,773,944,174 ",113.30%,55.20%,7.6,San Jos������,80.1,27.0,$1.84 ,Spanish,21.50%,2.89,"5,047,561",62.10%,13.60%,58.30%,11.85%,"4,041,885",Costa Rica,"('9.748917 ', '-83.753428')"
41,"$60,415,553,039 ",96.50%,67.90%,4.0,Zagreb,78.1,8.0,$2.92 ,Croatian,15.20%,3.0,"4,067,500",51.20%,22.00%,20.50%,6.93%,"2,328,318",Croatia,"('45.1 ', '15.2')"
42,"$100,023,000,000 ",101.90%,41.40%,3.7,Havana,78.7,36.0,$0.05 ,Spanish,,8.42,"11,333,483",53.60%,,,1.64%,"8,739,135",Cuba,"('21.521757 ', '-77.781167')"
43,"$24,564,647,935 ",99.30%,75.90%,1.9,Statos�������,80.8,6.0,,Greek,43.90%,1.95,"1,198,575",63.10%,24.50%,22.40%,7.27%,"800,708",Cyprus,"('35.126413 ', '33.429859')"
44,"$246,489,245,495 ",100.70%,64.10%,2.7,Prague,79.0,3.0,$3.00 ,Czech,14.80%,4.12,"10,669,709",60.60%,14.90%,46.10%,1.93%,"7,887,156",Czech Republic,"('49.817492 ', '15.472962')"
45,"$47,319,624,204 ",108.00%,6.60%,68.2,Kinshasa,60.4,473.0,$0.18 ,French,37.40%,0.07,"86,790,567",63.50%,10.70%,50.70%,4.24%,"39,095,679",Democratic Republic of the Congo,"('-4.038333 ', '21.758664')"
46,"$348,078,018,464 ",101.30%,80.60%,3.6,Copenhagen,81.0,4.0,,Danish,13.70%,4.01,"5,818,553",62.20%,32.40%,23.80%,4.91%,"5,119,978",Denmark,"('56.26392 ', '9.501785')"
47,"$3,318,716,359 ",75.30%,5.30%,49.8,Djibouti City,66.6,248.0,,French,20.40%,0.22,"973,560",60.20%,,37.90%,10.30%,"758,549",Djibouti,"('11.825138 ', '42.590275')"
48,"$596,033,333 ",114.70%,7.20%,32.9,Roseau,76.6,,$1.48 ,English,28.40%,1.08,"71,808",,22.10%,32.60%,,"50,830",Dominica,"('15.414999 ', '-61.370976')"
49,"$88,941,298,258 ",105.70%,59.90%,24.1,Santo Domingo,73.9,95.0,$0.40 ,Spanish,43.70%,1.56,"10,738,958",64.30%,13.00%,48.80%,5.84%,"8,787,475",Dominican Republic,"('18.735693 ', '-70.162651')"
50,"$107,435,665,000 ",103.30%,44.90%,12.2,Quito,76.8,59.0,$2.46 ,Spanish,43.70%,2.04,"17,373,662",68.00%,,34.40%,3.97%,"11,116,711",Ecuador,"('-1.831239 ', '-78.183406')"
51,"$303,175,127,598 ",106.30%,35.20%,18.1,Cairo,71.8,37.0,,Modern Standard Arabic,62.00%,0.45,"100,388,073",46.40%,12.50%,44.40%,10.76%,"42,895,824",Egypt,"('26.820553 ', '30.802498')"
52,"$27,022,640,000 ",94.80%,29.40%,11.8,San Salvador,73.1,46.0,$0.50 ,Spanish,27.90%,1.57,"6,453,553",59.10%,18.10%,36.40%,4.11%,"4,694,702",El Salvador,"('13.794185 ', '-88.89653')"
53,"$11,026,774,945 ",61.80%,1.90%,62.6,Malabo,58.4,301.0,$1.05 ,Spanish,72.00%,0.4,"1,355,986",62.00%,6.10%,79.40%,6.43%,"984,812",Equatorial Guinea,"('1.650801 ', '10.267895')"
54,"$2,065,001,626 ",68.40%,3.40%,31.3,Asmara,65.9,480.0,,Tigrinya,52.40%,0.06,"6,333,135",78.40%,,83.70%,5.14%,"1,149,670",Eritrea,"('15.179384 ', '39.782334')"
55,"$31,386,949,981 ",97.20%,69.60%,2.1,Tallinn,78.2,9.0,$3.14 ,Estonian,22.80%,4.48,"1,331,824",63.60%,20.90%,47.80%,5.11%,"916,024",Estonia,"('58.595272 ', '25.013607')"
56,"$3,791,304,348 ",,,,Mbabane,,,,English,11.30%,,"1,093,238",,28.60%,,,,Eswatini,"('-26.522503 ', '31.465866')"
57,"$96,107,662,398 ",101.00%,8.10%,39.1,Addis Ababa,66.2,401.0,,Amharic,37.80%,0.08,"112,078,730",79.60%,7.50%,37.70%,2.08%,"23,788,710",Ethiopia,"('9.145 ', '40.489673')"
58,"$5,535,548,972 ",106.40%,16.10%,21.6,Suva,67.3,34.0,$1.28 ,Fiji Hindi,21.40%,0.84,"889,953",57.60%,24.20%,32.10%,4.10%,"505,048",Fiji,"('-17.713371 ', '178.065032')"
59,"$268,761,201,365 ",100.20%,88.20%,1.4,Helsinki,81.7,3.0,,Swedish,19.90%,3.81,"5,520,314",59.10%,20.80%,36.60%,6.59%,"4,716,888",Finland,"('61.92411 ', '25.748151')"
60,"$2,715,518,274,227 ",102.50%,65.60%,3.4,Paris,82.5,8.0,$11.16 ,French,6.80%,3.27,"67,059,887",55.10%,24.20%,60.70%,8.43%,"54,123,364",France,"('46.227638 ', '2.213749')"
61,"$16,657,960,228 ",139.90%,8.30%,32.7,Libreville,66.2,252.0,$1.46 ,French,25.90%,0.68,"2,172,579",52.90%,10.20%,47.10%,20.00%,"1,949,694",Gabon,"('-0.803689 ', '11.609444')"
62,"$1,763,819,048 ",98.00%,2.70%,39.0,Serekunda,61.7,597.0,$0.13 ,English,20.30%,0.1,"2,347,706",59.40%,9.40%,48.40%,9.06%,"1,453,958",The Gambia,"('13.443182 ', '-15.310139')"
63,"$17,743,195,770 ",98.60%,63.90%,8.7,Tbilisi,73.6,25.0,$0.05 ,Georgian,57.30%,7.12,"3,720,382",68.30%,21.70%,9.90%,14.40%,"2,196,476",Georgia,"('42.315407 ', '43.356892')"
64,"$3,845,630,030,824 ",104.00%,70.20%,3.1,Berlin,80.9,7.0,$9.99 ,German,12.50%,4.25,"83,132,799",60.80%,11.50%,48.80%,3.04%,"64,324,835",Germany,"('51.165691 ', '10.451526')"
65,"$66,983,634,224 ",104.80%,15.70%,34.9,Accra,63.8,308.0,$0.27 ,English,36.10%,0.14,"30,792,608",67.80%,12.60%,55.40%,4.33%,"17,249,054",Ghana,"('7.946527 ', '-1.023194')"
66,"$209,852,761,469 ",99.60%,136.60%,3.6,Macedonia,81.3,3.0,$4.46 ,Greek,35.50%,5.48,"10,716,322",51.80%,26.20%,51.90%,17.24%,"8,507,474",Greece,"('39.074208 ', '21.824312')"
67,"$1,228,170,370 ",106.90%,104.60%,13.7,"St. George's, Grenada",72.4,25.0,,English,57.00%,1.41,"112,003",,19.40%,47.80%,,"40,765",Grenada,"('12.1165 ', '-61.679')"
68,"$76,710,385,880 ",101.90%,21.80%,22.1,Guatemala City,74.1,95.0,$1.60 ,Spanish,55.80%,0.35,"16,604,026",62.30%,10.60%,35.20%,2.46%,"8,540,945",Guatemala,"('15.783471 ', '-90.230759')"
69,"$13,590,281,809 ",91.50%,11.60%,64.9,Kankan,61.2,576.0,,French,54.50%,0.08,"12,771,246",61.50%,10.80%,69.30%,4.30%,"4,661,505",Guinea,"('9.945587 ', '-9.696645')"
70,"$1,340,389,411 ",118.70%,2.60%,54.0,Bissau,58.0,667.0,$0.16 ,Portuguese,37.20%,0.13,"1,920,922",72.00%,10.30%,45.50%,2.47%,"840,922",Guinea-Bissau,"('11.803749 ', '-15.180413')"
71,"$4,280,443,645 ",97.80%,11.60%,25.1,"Georgetown, Guyana",69.8,169.0,$0.98 ,English,40.50%,0.8,"782,766",56.20%,,30.60%,11.85%,"208,912",Guyana,"('4.860416 ', '-58.93018')"
72,"$8,498,981,821 ",113.60%,1.10%,49.5,Port-au-Prince,63.7,480.0,$0.25 ,French,36.30%,0.23,"11,263,077",67.20%,,42.70%,13.78%,"6,328,948",Haiti,"('18.971187 ', '-72.285215')"
73,,,,,,,,,Italian,,,836,,,,,,Vatican City,"('41.902916 ', '12.453389')"
74,"$25,095,395,475 ",91.50%,26.20%,15.1,Tegucigalpa,75.1,65.0,$1.01 ,Spanish,49.10%,0.31,"9,746,117",68.80%,17.30%,39.10%,5.39%,"5,626,433",Honduras,"('15.199999 ', '-86.241905')"
75,"$160,967,157,504 ",100.80%,48.50%,3.6,Budapest,75.8,12.0,$2.62 ,Hungarian,29.00%,3.41,"9,769,949",56.50%,23.00%,37.90%,3.40%,"6,999,582",Hungary,"('47.162494 ', '19.503304')"
76,"$24,188,035,739 ",100.40%,71.80%,1.5,Reykjav��,82.7,4.0,,Icelandic,17.00%,4.08,"361,313",75.00%,23.30%,31.90%,2.84%,"339,110",Iceland,"('64.963051 ', '-19.020835')"
77,"$2,611,000,000,000 ",113.00%,28.10%,29.9,Kurebhar,69.4,145.0,$0.30 ,Hindi,65.10%,0.86,"1,366,417,754",49.30%,11.20%,49.70%,5.36%,"471,031,528",India,"('20.593684 ', '78.96288')"
78,"$1,119,190,780,753 ",106.40%,36.30%,21.1,Kalimantan,71.5,177.0,$0.48 ,Indonesian,48.30%,0.43,"270,203,917",67.50%,10.20%,30.10%,4.69%,"151,509,724",Indonesia,"('-0.789275 ', '113.921327')"
79,"$445,345,282,123 ",110.70%,68.10%,12.4,Tehran,76.5,16.0,$1.58 ,Persian,39.70%,1.58,"82,913,906",44.70%,7.40%,44.70%,11.38%,"62,509,623",Iran,"('32.427908 ', '53.688046')"
80,"$234,094,042,939 ",108.70%,16.20%,22.5,Baghdad,70.5,79.0,$1.24 ,Arabic,76.50%,0.71,"39,309,783",43.00%,2.00%,30.80%,12.82%,"27,783,368",Iraq,"('33.223191 ', '43.679291')"
81,"$388,698,711,348 ",100.90%,77.80%,3.1,Connacht,82.3,5.0,$10.79 ,Irish,15.20%,3.31,"5,007,069",62.10%,18.30%,26.10%,4.93%,"3,133,123",Republic of Ireland,"('53.41291 ', '-8.24389')"
82,"$395,098,666,122 ",104.90%,63.40%,3.0,Jerusalem,82.8,3.0,$7.58 ,Hebrew,24.40%,4.62,"9,053,300",64.00%,23.10%,25.30%,3.86%,"8,374,393",Israel,"('31.046051 ', '34.851612')"
83,"$2,001,244,392,042 ",101.90%,61.90%,2.6,Rome,82.9,2.0,,Italian,22.80%,3.98,"60,297,396",49.60%,24.30%,59.10%,9.89%,"42,651,966",Italy,"('41.87194 ', '12.56738')"
84,"$16,458,071,068 ",91.00%,27.10%,12.4,"Kingston, Jamaica",74.4,80.0,$1.33 ,Jamaican English,23.70%,1.31,"2,948,279",66.00%,26.80%,35.10%,8.00%,"1,650,594",Jamaica,"('18.109581 ', '-77.297508')"
85,"$5,081,769,542,380 ",98.80%,63.20%,1.8,Tokyo,84.2,5.0,$6.77 ,,13.10%,2.41,"126,226,568",61.70%,11.90%,46.70%,2.29%,"115,782,416",Japan,"('36.204824 ', '138.252924')"
86,"$43,743,661,972 ",81.50%,34.40%,13.9,Amman,74.4,46.0,$1.49 ,Arabic,25.10%,2.32,"10,101,694",39.30%,15.10%,28.60%,14.72%,"9,213,048",Jordan,"('30.585164 ', '36.238414')"
87,"$180,161,741,180 ",104.40%,61.70%,8.8,Almaty,73.2,10.0,$0.41 ,Russian,38.80%,3.25,"18,513,930",68.80%,11.70%,28.40%,4.59%,"10,652,915",Kazakhstan,"('48.019573 ', '66.923684')"
88,"$95,503,088,538 ",103.20%,11.50%,30.6,Nairobi,66.3,342.0,$0.25 ,Swahili,33.40%,0.16,"52,573,973",74.70%,15.10%,37.20%,2.64%,"14,461,523",Kenya,"('-0.023559 ', '37.906193')"
89,"$194,647,202 ",101.30%,,41.2,South Tarawa,68.1,92.0,,English,0.20%,0.2,"117,606",,22.00%,32.70%,,"64,489",Kiribati,"('1.8368976 ', '-157.3768317')"
90,"$134,761,198,946 ",92.40%,54.40%,6.7,Kuwait City,75.4,12.0,$0.95 ,Modern Standard Arabic,14.40%,2.58,"4,207,083",73.50%,1.40%,13.00%,2.18%,"4,207,083",Kuwait,"('29.31166 ', '47.481766')"
91,"$8,454,619,608 ",107.60%,41.30%,16.9,Bishkek,71.4,60.0,$0.09 ,Russian,48.20%,1.88,"6,456,900",59.80%,18.00%,29.00%,6.33%,"2,362,644",Kyrgyzstan,"('41.20438 ', '74.766098')"
92,"$18,173,839,128 ",102.40%,15.00%,37.6,Vientiane,67.6,185.0,$0.83 ,Lao,45.40%,0.37,"7,169,455",78.50%,12.90%,24.10%,0.63%,"2,555,552",Laos,"('19.85627 ', '102.495496')"
93,"$34,117,202,555 ",99.40%,88.10%,3.3,Riga,74.7,19.0,$2.80 ,Latvian,41.60%,3.19,"1,912,789",61.40%,22.90%,38.10%,6.52%,"1,304,943",Latvia,"('56.879635 ', '24.603189')"
94,"$53,367,042,272 ",95.10%,26.30%,6.4,"Tripoli, Lebanon",78.9,29.0,$2.15 ,Arabic,32.10%,2.1,"6,855,713",47.00%,15.30%,32.20%,6.23%,"6,084,994",Lebanon,"('33.854721 ', '35.862285')"
95,"$2,460,072,444 ",120.90%,10.20%,65.7,Maseru,53.7,544.0,$0.41 ,English,16.90%,0.07,"2,125,268",67.90%,31.60%,13.60%,23.41%,"607,508",Lesotho,"('-29.609988 ', '28.233608')"
96,"$3,070,518,100 ",85.10%,11.90%,53.5,Monrovia,63.7,661.0,$0.17 ,English,19.60%,0.04,"4,937,374",76.30%,12.90%,46.20%,2.81%,"2,548,426",Liberia,"('6.428055 ', '-9.429499')"
97,"$52,076,250,948 ",109.00%,60.50%,10.2,,72.7,72.0,$1.88 ,Arabic,36.70%,2.09,"6,777,452",49.70%,,32.60%,18.56%,"5,448,597",Libya,"('26.3351 ', '17.228331')"
98,"$6,552,858,739 ",104.70%,35.60%,,Schaan,83.0,,,German,,,"38,019",,,21.60%,,"5,464",Liechtenstein,"('47.1410392 ', '9.520935')"
99,"$54,219,315,600 ",103.90%,72.40%,3.3,Vilnius,75.7,8.0,$2.41 ,Lithuanian,32.10%,6.35,"2,786,844",61.60%,16.90%,42.60%,6.35%,"1,891,013",Lithuania,"('55.169438 ', '23.881275')"
100,"$71,104,919,108 ",102.30%,19.20%,1.9,Luxembourg City,82.1,5.0,$13.05 ,Luxembourgish,10.60%,3.01,"645,397",59.30%,26.50%,20.40%,5.36%,"565,488",Luxembourg,"('49.815273 ', '6.129583')"
101,"$14,083,906,357 ",142.50%,5.40%,38.2,Antananarivo,66.7,335.0,$0.21 ,French,21.70%,0.18,"26,969,307",86.10%,10.20%,38.30%,1.76%,"10,210,849",Madagascar,"('-18.766947 ', '46.869107')"
102,"$7,666,704,427 ",142.50%,0.80%,35.3,Lilongwe,63.8,349.0,$0.12 ,English,11.00%,0.04,"18,628,747",76.70%,17.30%,34.50%,5.65%,"3,199,301",Malawi,"('-13.254308 ', '34.301525')"
103,"$364,701,517,788 ",105.30%,45.10%,6.7,Johor Bahru,76.0,29.0,$0.93 ,Malaysian language,36.70%,1.51,"32,447,385",64.30%,12.00%,38.70%,3.32%,"24,475,766",Malaysia,"('4.210484 ', '101.975766')"
104,"$5,729,248,472 ",97.10%,31.20%,7.4,Mal�,78.6,53.0,,Divehi,16.40%,4.56,"530,953",69.80%,19.50%,30.20%,6.14%,"213,645",Maldives,"('3.202778 ', '73.22068')"
105,"$17,510,141,171 ",75.60%,4.50%,62.0,Bamako,58.9,562.0,$0.23 ,French,46.30%,0.13,"19,658,031",70.80%,11.60%,54.50%,7.22%,"8,479,688",Mali,"('17.570692 ', '-3.996166')"
106,"$14,786,156,563 ",105.00%,54.30%,6.1,Birkirkara,82.3,6.0,$5.07 ,Maltese,37.10%,2.86,"502,653",56.50%,26.20%,44.00%,3.47%,"475,902",Malta,"('35.937496 ', '14.375416')"
107,"$221,278,000 ",84.70%,23.70%,27.4,Majuro,65.2,,$2.00 ,Marshallese,10.00%,0.42,"58,791",,17.80%,65.90%,,"45,514",Marshall Islands,"('7.131474 ', '171.184478')"
108,"$7,593,752,450 ",99.90%,5.00%,51.5,Nouakchott,64.7,766.0,$0.53 ,Arabic,48.20%,0.19,"4,525,696",45.90%,,67.00%,9.55%,"2,466,821",Mauritania,"('21.00789 ', '-10.940835')"
109,"$14,180,444,557 ",101.10%,40.60%,13.6,Port Louis,74.4,61.0,$0.38 ,French,50.70%,2.53,"1,265,711",58.30%,19.10%,22.20%,6.67%,"515,980",Mauritius,"('-20.348404 ', '57.552152')"
110,"$1,258,286,717,125 ",105.80%,40.20%,11.0,Mexico City,75.0,33.0,$0.49 ,,41.40%,2.38,"126,014,024",60.70%,13.10%,55.10%,3.42%,"102,626,859",Mexico,"('23.634501 ', '-102.552784')"
111,"$401,932,279 ",97.20%,14.10%,25.6,Palikir,67.8,88.0,,English,2.50%,0.18,"113,815",,25.20%,60.50%,,"25,963",Federated States of Micronesia,"('7.425554 ', '150.550812')"
112,"$11,955,435,457 ",90.60%,39.80%,13.6,Chi����,71.8,19.0,$0.31 ,Romanian,46.20%,3.21,"2,657,637",43.10%,17.70%,38.70%,5.47%,"1,135,502",Moldova,"('47.411631 ', '28.369885')"
113,"$7,184,844,193 ",,,2.6,Monaco City,,,$11.72 ,French,6.10%,6.56,"38,964",,,,,"38,964",Monaco,"('43.7384176 ', '7.4246158')"
114,"$13,852,850,259 ",104.00%,65.60%,14.0,Ulaanbaatar,69.7,45.0,$0.65 ,Mongolian,39.30%,2.86,"3,225,167",59.70%,16.80%,25.70%,6.01%,"2,210,626",Mongolia,"('46.862496 ', '103.846656')"
115,"$5,494,736,901 ",100.00%,56.10%,2.3,Podgorica,76.8,6.0,$1.23 ,Montenegrin language,31.80%,2.76,"622,137",54.40%,,22.20%,14.88%,"417,765",Montenegro,"('42.708678 ', '19.37439')"
116,"$118,725,279,596 ",113.90%,35.90%,19.2,Casablanca,76.5,70.0,$1.60 ,Arabic,53.10%,0.73,"36,910,560",45.30%,21.90%,45.80%,9.02%,"22,975,026",Morocco,"('31.791702 ', '-7.09262')"
117,"$14,934,159,926 ",112.60%,7.30%,54.0,Maputo,60.2,289.0,$0.27 ,Portuguese,6.80%,0.08,"30,366,036",78.10%,0.00%,36.10%,3.24%,"11,092,106",Mozambique,"('-18.665695 ', '35.529562')"
118,"$76,085,852,617 ",112.30%,18.80%,36.8,Yangon,66.9,250.0,$0.39 ,Burmese,73.90%,0.68,"54,045,420",61.70%,5.40%,31.20%,1.58%,"16,674,093",Myanmar,"('21.916221 ', '95.955974')"
119,"$12,366,527,719 ",124.20%,22.90%,29.0,Windhoek,63.4,195.0,,English,8.30%,0.42,"2,494,530",59.50%,27.10%,20.70%,20.27%,"1,273,258",Namibia,"('-22.95764 ', '18.49041')"
120,"$133,000,000 ",,,,,,,,English,,,"10,084",,,,,,Nauru,"('-0.522778 ', '166.931503')"
121,"$30,641,380,604 ",142.10%,12.40%,26.7,Kathmandu,70.5,186.0,$0.36 ,Nepali,60.40%,0.75,"28,608,710",83.80%,20.70%,41.80%,1.41%,"5,765,513",Nepal,"('28.394857 ', '84.124008')"
122,"$909,070,395,161 ",104.20%,85.00%,3.3,Amsterdam,81.8,5.0,$10.29 ,Dutch,12.30%,3.61,"17,332,850",63.60%,23.00%,41.20%,3.20%,"15,924,729",Netherlands,"('52.132633 ', '5.291266')"
123,"$206,928,765,544 ",100.00%,82.00%,4.7,Auckland,81.9,9.0,$11.49 ,English,12.60%,3.59,"4,841,000",69.90%,29.00%,34.60%,4.07%,"4,258,860",New Zealand,"('-40.900557 ', '174.885971')"
124,"$12,520,915,291 ",120.60%,17.40%,15.7,Managua,74.3,98.0,$0.54 ,Spanish,36.00%,0.98,"6,545,502",66.40%,15.60%,60.60%,6.84%,"3,846,137",Nicaragua,"('12.865416 ', '-85.207229')"
125,"$12,928,145,120 ",74.70%,4.40%,48.0,Niamey,62.0,509.0,$0.29 ,French,52.30%,0.04,"23,310,715",72.00%,11.80%,47.20%,0.47%,"3,850,231",Niger,"('17.607789 ', '8.081666')"
126,"$448,120,428,859 ",84.70%,10.20%,75.7,Lagos,54.3,917.0,$0.54 ,English,72.20%,0.38,"200,963,599",52.90%,1.50%,34.80%,8.10%,"102,806,948",Nigeria,"('9.081999 ', '8.675277')"
127,"$32,100,000,000 ",112.80%,27.00%,13.7,Pyongyang,72.1,89.0,,Korean,,3.67,"25,666,161",80.40%,,,2.74%,"15,947,412",North Korea,"('40.339852 ', '127.510093')"
128,"$10,220,781,069 ",,,,Skopje,,,,Macedonian,35.60%,,"1,836,713",,,,,,North Macedonia,"('41.608635 ', '21.745275')"
129,"$403,336,363,636 ",100.30%,82.00%,2.1,Oslo,82.8,2.0,,Norwegian,14.30%,2.92,"5,347,896",63.80%,23.90%,36.20%,3.35%,"4,418,218",Norway,"('60.472024 ', '8.468946')"
130,"$76,983,094,928 ",103.40%,38.00%,9.8,Seeb,77.6,19.0,$4.33 ,Arabic,6.40%,2.0,"5,266,535",72.40%,2.50%,27.40%,2.67%,"4,250,777",Oman,"('21.4735329 ', '55.975413')"
131,"$304,400,000,000 ",94.30%,9.00%,57.2,Karachi,67.1,140.0,$0.69 ,Urdu,66.50%,0.98,"216,565,318",52.60%,9.20%,33.90%,4.45%,"79,927,762",Pakistan,"('30.375321 ', '69.345116')"
132,"$283,994,900 ",112.60%,54.70%,16.6,Koror,69.1,,$3.00 ,English,21.80%,1.18,"18,233",,21.30%,76.60%,,"14,491",Palau,"('7.51498 ', '134.58252')"
133,,,,,,,,,Arabic,,,,,,,,,Palestinian National Authority,"('31.952162 ', '35.233154')"
134,"$66,800,800,000 ",94.40%,47.80%,13.1,Panama City,78.3,52.0,$1.53 ,Spanish,30.50%,1.57,"4,246,439",66.60%,,37.20%,3.90%,"2,890,084",Panama,"('8.537981 ', '-80.782127')"
135,"$24,969,611,435 ",108.50%,1.80%,38.0,Port Moresby,64.3,145.0,$1.16 ,Tok Pisin,5.80%,0.07,"8,776,109",47.20%,13.60%,37.10%,2.46%,"1,162,834",Papua New Guinea,"('-6.314993 ', '143.95555')"
136,"$38,145,288,940 ",104.40%,34.60%,17.2,Ciudad del Este,74.1,129.0,$1.55 ,Spanish,36.50%,1.35,"7,044,636",72.10%,10.00%,35.00%,4.81%,"4,359,150",Paraguay,"('-23.442503 ', '-58.443832')"
137,"$226,848,050,820 ",106.90%,70.70%,11.1,Lima,76.5,88.0,$1.28 ,Spanish,30.90%,1.27,"32,510,453",77.60%,14.30%,36.80%,3.31%,"25,390,339",Peru,"('-9.189967 ', '-75.015152')"
138,"$376,795,508,680 ",107.50%,35.50%,22.5,Manila,71.1,121.0,$1.12 ,English,53.50%,0.6,"108,116,615",59.60%,14.00%,43.10%,2.15%,"50,975,903",Philippines,"('12.879721 ', '121.774017')"
139,"$592,164,400,688 ",100.00%,67.80%,3.8,Warsaw,77.6,2.0,$2.93 ,Polish,23.20%,2.38,"37,970,874",56.70%,17.40%,40.80%,3.47%,"22,796,574",Poland,"('51.919438 ', '19.145136')"
140,"$237,686,075,635 ",106.20%,63.90%,3.1,Lisbon,81.3,8.0,$3.78 ,Portuguese,27.70%,5.12,"10,269,417",58.80%,22.80%,39.80%,6.33%,"6,753,579",Portugal,"('39.399872 ', '-8.224454')"
141,"$183,466,208,791 ",103.80%,17.90%,5.8,Doha,80.1,9.0,,Arabic,6.20%,2.49,"2,832,067",86.80%,14.70%,11.30%,0.09%,"2,809,071",Qatar,"('25.354826 ', '51.183884')"
142,"$250,077,444,017 ",85.20%,49.40%,6.1,Bucharest,75.4,19.0,$2.25 ,Romanian,21.30%,2.98,"19,356,544",54.70%,14.60%,20.00%,3.98%,"10,468,793",Romania,"('45.943161 ', '24.96676')"
143,"$1,699,876,578,871 ",102.60%,81.90%,6.1,Moscow,72.7,17.0,$0.53 ,Russian,36.40%,4.01,"144,373,535",61.80%,11.40%,46.20%,4.59%,"107,683,889",Russia,"('61.52401 ', '105.318756')"
144,"$10,122,472,590 ",133.00%,6.70%,27.0,Kigali,68.7,248.0,,Swahili,26.00%,0.13,"12,626,950",83.70%,14.30%,33.20%,1.03%,"2,186,104",Rwanda,"('-1.940278 ', '29.873888')"
145,"$1,050,992,593 ",108.70%,86.70%,9.8,Basseterre,71.3,,$3.33 ,English,56.60%,2.52,"52,823",,18.50%,49.70%,,"16,269",Saint Kitts and Nevis,"('17.357822 ', '-62.782998')"
146,"$2,122,450,630 ",102.60%,14.10%,14.9,Castries,76.1,117.0,,English,48.40%,0.64,"182,790",67.10%,18.20%,34.70%,20.71%,"34,280",Saint Lucia,"('13.909444 ', '-60.978893')"
147,"$825,385,185 ",113.40%,23.70%,14.8,Calliaqua,72.4,68.0,$1.16 ,English,21.40%,0.66,"100,455",65.90%,25.40%,37.00%,18.88%,"58,185",Saint Vincent and the Grenadines,"('12.984305 ', '-61.287228')"
148,"$850,655,017 ",110.50%,7.60%,13.6,Apia,73.2,43.0,$0.78 ,Samoan,11.50%,0.34,"202,506",43.70%,25.50%,19.30%,8.36%,"35,588",Samoa,"('-13.759029 ', '-172.104629')"
149,"$1,637,931,034 ",108.10%,42.50%,1.7,City of San Marino,85.4,,,Italian,18.30%,6.11,"33,860",,18.10%,36.20%,,"32,969",San Marino,"('43.94236 ', '12.457777')"
150,"$429,016,605 ",106.80%,13.40%,24.4,S����,70.2,130.0,,,11.70%,0.05,"215,056",57.80%,14.60%,37.00%,13.37%,"158,277",S�����������,"('nan ', 'nan')"
151,"$792,966,838,162 ",99.80%,68.00%,6.0,Riyadh,75.0,17.0,$3.85 ,Arabic,15.00%,2.61,"34,268,528",55.90%,8.90%,15.70%,5.93%,"28,807,838",Saudi Arabia,"('23.885942 ', '45.079162')"
152,"$23,578,084,052 ",81.00%,12.80%,31.8,Pikine,67.7,315.0,$0.31 ,French,44.20%,0.07,"16,296,364",45.70%,16.30%,44.80%,6.60%,"7,765,706",Senegal,"('14.497401 ', '-14.452362')"
153,"$51,409,167,351 ",100.30%,67.20%,4.8,Belgrade,75.5,12.0,$1.57 ,Serbian,40.60%,3.11,"6,944,975",54.90%,18.60%,36.60%,12.69%,"3,907,243",Serbia,"('44.016521 ', '21.005859')"
154,"$1,698,843,063 ",100.40%,17.10%,12.4,"Victoria, Seychelles",72.8,53.0,$2.00 ,French,2.50%,0.95,"97,625",,34.10%,30.10%,,"55,762",Seychelles,"('-4.679574 ', '55.491977')"
155,"$3,941,474,311 ",112.80%,2.00%,78.5,Freetown,54.3,1120.0,$0.57 ,English,38.20%,0.03,"7,813,215",57.90%,8.60%,30.70%,4.43%,"3,319,366",Sierra Leone,"('8.460555 ', '-11.779889')"
156,"$372,062,527,489 ",100.60%,84.80%,2.3,,83.1,8.0,,Malay,36.70%,2.29,"5,703,569",70.50%,13.10%,21.00%,4.11%,"5,703,569",Singapore,"('1.352083 ', '103.819836')"
157,"$105,422,304,976 ",98.70%,46.60%,4.6,Bratislava,77.2,5.0,$3.11 ,Slovak,18.40%,3.42,"5,454,073",59.50%,18.70%,49.70%,5.56%,"2,930,419",Slovakia,"('48.669026 ', '19.699024')"
158,"$53,742,159,517 ",100.40%,78.60%,1.7,Ljubljana,81.0,7.0,$5.25 ,Slovene language,12.50%,3.09,"2,087,946",58.40%,18.60%,31.00%,4.20%,"1,144,654",Slovenia,"('46.151241 ', '14.995463')"
159,"$1,425,074,226 ",106.20%,,17.1,Honiara,72.8,104.0,$0.40 ,English,3.30%,0.19,"669,823",83.80%,29.50%,32.00%,0.58%,"162,164",Solomon Islands,"('-9.64571 ', '160.156194')"
160,"$4,720,727,278 ",23.40%,2.50%,76.6,Bosaso,57.1,829.0,,Arabic,,0.02,"15,442,905",47.40%,0.00%,,11.35%,"7,034,861",Somalia,"('5.152149 ', '46.199616')"
161,"$351,431,649,241 ",100.90%,22.40%,28.5,Johannesburg,63.9,119.0,,Afrikaans,7.70%,0.91,"58,558,270",56.00%,27.50%,29.20%,28.18%,"39,149,717",South Africa,"('-30.559482 ', '22.937506')"
162,"$2,029,000,000,000 ",98.10%,94.30%,2.7,Seoul,82.6,11.0,$6.49 ,Korean,36.80%,2.36,"51,709,098",63.00%,15.60%,33.20%,4.15%,"42,106,719",South Korea,"('35.907757 ', '127.766922')"
163,"$11,997,800,751 ",73.00%,,63.7,Juba,57.6,1150.0,,English,61.30%,,"11,062,113",72.40%,,31.40%,12.24%,"2,201,250",South Sudan,"('6.8769919 ', '31.3069788')"
164,"$1,394,116,310,769 ",102.70%,88.90%,2.5,Madrid,83.3,4.0,$5.60 ,Spanish,24.20%,3.87,"47,076,781",57.50%,14.20%,47.00%,13.96%,"37,927,409",Spain,"('40.463667 ', '-3.74922')"
165,"$84,008,783,756 ",100.20%,19.60%,6.4,Colombo,76.8,36.0,$0.35 ,Tamil,38.40%,1.0,"21,803,000",53.90%,11.90%,55.20%,4.20%,"4,052,088",Sri Lanka,"('7.873054 ', '80.771797')"
166,"$18,902,284,476 ",76.80%,16.90%,42.1,Omdurman,65.1,295.0,$0.41 ,Arabic,63.20%,0.26,"42,813,238",48.40%,8.00%,45.40%,16.53%,"14,957,233",Sudan,"('12.862807 ', '30.217636')"
167,"$3,985,250,737 ",108.80%,12.60%,16.9,Paramaribo,71.6,120.0,,Dutch,10.10%,1.21,"581,372",51.10%,19.50%,27.90%,7.33%,"384,258",Suriname,"('3.919305 ', '-56.027783')"
168,"$530,832,908,738 ",126.60%,67.00%,2.2,S�����,82.5,4.0,,Swedish,15.20%,3.98,"10,285,453",64.60%,27.90%,49.10%,6.48%,"9,021,165",Sweden,"('60.128161 ', '18.643501')"
169,"$703,082,435,360 ",105.20%,59.60%,3.7,Z���,83.6,5.0,,German,28.30%,4.3,"8,574,832",68.30%,10.10%,28.80%,4.58%,"6,332,428",Switzerland,"('46.818188 ', '8.227512')"
170,"$40,405,006,007 ",81.70%,40.10%,14.0,Damascus,71.8,31.0,$1.02 ,Arabic,53.70%,1.22,"17,070,135",44.10%,14.20%,42.70%,8.37%,"9,358,019",Syria,"('34.802075 ', '38.996815')"
171,"$8,116,626,794 ",100.90%,31.30%,30.4,Dushanbe,70.9,17.0,$0.23 ,Persian,63.10%,1.7,"9,321,018",42.00%,9.80%,67.30%,11.02%,"2,545,477",Tajikistan,"('38.861034 ', '71.276093')"
172,"$63,177,068,175 ",94.20%,4.00%,37.6,Dar es Salaam,65.0,524.0,$0.09 ,Swahili,26.10%,0.01,"58,005,463",83.40%,11.50%,43.80%,1.98%,"20,011,885",Tanzania,"('-6.369028 ', '34.888822')"
173,"$543,649,976,166 ",99.80%,49.30%,7.8,Bangkok,76.9,37.0,$1.06 ,Thai,11.80%,0.81,"69,625,582",67.30%,14.90%,29.50%,0.75%,"35,294,600",Thailand,"('15.870032 ', '100.992541')"
174,"$1,673,540,300 ",115.30%,17.80%,39.3,Dili,69.3,142.0,$0.60 ,Portuguese,10.20%,0.72,"3,500,000",67.30%,25.00%,17.30%,4.55%,"400,182",East Timor,"('-8.874217 ', '125.727539')"
175,"$5,459,979,417 ",123.80%,14.50%,47.4,Lom�,60.8,396.0,$0.34 ,French,51.00%,0.08,"8,082,366",77.60%,16.90%,48.20%,2.04%,"3,414,638",Togo,"('8.619543 ', '0.824782')"
176,"$450,353,314 ",116.30%,6.40%,13.4,Nuku����,70.8,52.0,,Tongan Language,10.20%,0.52,"100,209",59.80%,22.30%,27.50%,1.12%,"24,145",Tonga,"('-21.178986 ', '-175.198242')"
177,"$24,100,202,834 ",106.20%,12.00%,16.4,Chaguanas,73.4,67.0,$2.25 ,English,37.30%,4.17,"1,394,973",60.00%,19.50%,40.50%,2.69%,"741,944",Trinidad and Tobago,"('10.691803 ', '-61.222503')"
178,"$38,797,709,924 ",115.40%,31.70%,14.6,Tunis,76.5,43.0,$0.47 ,Arabic,39.80%,1.3,"11,694,719",46.10%,21.10%,60.70%,16.02%,"8,099,061",Tunisia,"('33.886917 ', '9.537499')"
179,"$754,411,708,203 ",93.20%,23.90%,9.1,Istanbul,77.4,17.0,$3.45 ,Turkish,16.90%,1.85,"83,429,615",52.80%,17.90%,42.30%,13.49%,"63,097,818",Turkey,"('38.963745 ', '35.243322')"
180,"$40,761,142,857 ",88.40%,8.00%,39.3,Ashgabat,68.1,7.0,$0.88 ,Turkmen,71.10%,2.22,"5,942,089",64.50%,,,3.91%,"3,092,738",Turkmenistan,"('38.969719 ', '59.556278')"
181,"$47,271,463 ",86.00%,,20.6,Singapore,,,,Tuvaluan Language,0.70%,0.92,"11,646",,,,,"7,362",Tuvalu,"('-7.109535 ', '177.64933')"
182,"$34,387,229,486 ",102.70%,4.80%,33.8,Buganda,63.0,375.0,$0.01 ,Swahili,40.50%,0.17,"44,269,594",70.30%,11.70%,33.70%,1.84%,"10,784,516",Uganda,"('1.373333 ', '32.290275')"
183,"$153,781,069,118 ",99.00%,82.70%,7.5,Kyiv,71.6,19.0,$0.84 ,Ukrainian,47.80%,2.99,"44,385,155",54.20%,20.10%,45.20%,8.88%,"30,835,699",Ukraine,"('48.379433 ', '31.16558')"
184,"$421,142,267,938 ",108.40%,36.80%,6.5,Dubai,77.8,3.0,,Arabic,17.80%,2.53,"9,770,529",82.10%,0.10%,15.90%,2.35%,"8,479,744",United Arab Emirates,"('23.424076 ', '53.847818')"
185,"$2,827,113,184,696 ",101.20%,60.00%,3.6,London,81.3,7.0,$10.13 ,English,14.80%,2.81,"66,834,405",62.80%,25.50%,30.60%,3.85%,"55,908,316",United Kingdom,"('55.378051 ', '-3.435973')"
186,"$21,427,700,000,000 ",101.80%,88.20%,5.6,New York City,78.5,19.0,$7.25 ,,11.10%,2.61,"328,239,523",62.00%,9.60%,36.60%,14.70%,"270,663,028",United States,"('37.09024 ', '-95.712891')"
187,"$56,045,912,952 ",108.50%,63.10%,6.4,Montevideo,77.8,17.0,$1.66 ,Spanish,16.20%,5.05,"3,461,734",64.00%,20.10%,41.80%,8.73%,"3,303,394",Uruguay,"('-32.522779 ', '-55.765835')"
188,"$57,921,286,440 ",104.20%,10.10%,19.1,Tashkent,71.6,29.0,$0.24 ,Uzbek,42.70%,2.37,"33,580,650",65.10%,14.80%,31.60%,5.92%,"16,935,729",Uzbekistan,"('41.377491 ', '64.585262')"
189,"$917,058,851 ",109.30%,4.70%,22.3,Port Vila,70.3,72.0,$1.56 ,French,8.90%,0.17,"299,882",69.90%,17.80%,8.50%,4.39%,"76,152",Vanuatu,"('-15.376706 ', '166.959158')"
190,"$482,359,318,768 ",97.20%,79.30%,21.4,Caracas,72.1,125.0,$0.01 ,Spanish,45.80%,1.92,"28,515,829",59.70%,,73.30%,8.80%,"25,162,368",Venezuela,"('6.42375 ', '-66.58973')"
191,"$261,921,244,843 ",110.60%,28.50%,16.5,Ho Chi Minh City,75.3,43.0,$0.73 ,Vietnamese,43.50%,0.82,"96,462,106",77.40%,19.10%,37.60%,2.01%,"35,332,140",Vietnam,"('14.058324 ', '108.277199')"
192,"$26,914,402,224 ",93.60%,10.20%,42.9,Sanaa,66.1,164.0,,Arabic,81.00%,0.31,"29,161,922",38.00%,,26.60%,12.91%,"10,869,523",Yemen,"('15.552727 ', '48.516388')"
193,"$23,064,722,446 ",98.70%,4.10%,40.4,Lusaka,63.5,213.0,$0.24 ,English,27.50%,1.19,"17,861,030",74.60%,16.20%,15.60%,11.43%,"7,871,713",Zambia,"('-13.133897 ', '27.849332')"
194,"$21,440,758,800 ",109.90%,10.00%,33.9,Harare,61.2,458.0,,Shona,25.80%,0.21,"14,645,468",83.10%,20.70%,31.60%,4.95%,"4,717,305",Zimbabwe,"('-19.015438 ', '29.154857')"
